{"epoch": 2, "_timestamp": 1702479630.8037949, "_runtime": 204.03471779823303, "_step": 34, "loss": 1.2116880377570352, "acc/val": 43.0, "_wandb": {"runtime": 279}}