{"epoch": 0, "_timestamp": 1702415695.5797188, "_runtime": 5.340778827667236, "_step": 0, "_wandb": {"runtime": 44}}