{"epoch": 5, "_timestamp": 1702416753.787725, "_runtime": 383.2494339942932, "_step": 70, "loss": 1.0996827679676013, "acc/val": 50.77333333333334, "_wandb": {"runtime": 393}}