{"epoch": 37, "_timestamp": 1702489581.931365, "_runtime": 3972.2211730480194, "_step": 444, "loss": 2.1860528699644317, "acc/val": 26.982456140350884, "_wandb": {"runtime": 3991}}