{"epoch": 59, "_timestamp": 1702485439.9990551, "_runtime": 5378.040730237961, "_step": 720, "loss": 1.0703599184424013, "acc/val": 42.24, "eval_results": {"_type": "table-file", "sha256": "6238d853676b122ae2dc001621343b05df7f550ac0ce677fde63ccee321c3817", "size": 203, "artifact_path": "wandb-client-artifact://ck78f62mgy4bs9d5th616eh1e7rk6myo7pxof6gt1qqpxe0xsl4txqjzbezkuud7z41j4beiz55gk4oekf064xz3g3z7wdsd7t1nb7wru3dq1ohw0wemwbyxrxi637ik:latest/eval_results.table.json", "_latest_artifact_path": "wandb-client-artifact://ck78f62mgy4bs9d5th616eh1e7rk6myo7pxof6gt1qqpxe0xsl4txqjzbezkuud7z41j4beiz55gk4oekf064xz3g3z7wdsd7t1nb7wru3dq1ohw0wemwbyxrxi637ik:latest/eval_results.table.json", "path": "media/table/eval_results_720_6238d853676b122ae2dc.table.json", "ncols": 3, "nrows": 3}, "_wandb": {"runtime": 5371}}